model_id,model_name,source_glb,source_sha256,previous_url,restored_url,verification
"a4e701a7-e7d9-4919-b6ea-8b7045b428b8","Wave Pot","1.1.glb","5276c0b6a398c9677478fa9e6706161565443468548d13c9ac7c6abe9a584b1c","https://pub-0cc6e7109e7e48a183d54d0426453a6a.r2.dev/models/1790055623038_52dfc0f5.glb","https://pub-0cc6e7109e7e48a183d54d0426453a6a.r2.dev/models/original-a4e701a7-e7d9-4919-b6ea-8b7045b428b8-5276c0b6a398c967.glb","R2 metadata and public HEAD verified; catalog readback matched"
"fc5b77d6-3737-43c5-b1db-e8be54b758b2","Plain Pot","1.3.glb","89908339832b2ba9d690ac62f4beb4f6a03aaaacabe52c7734739d058525313a","https://pub-0cc6e7109e7e48a183d54d0426453a6a.r2.dev/models/1790069658856_4a9c9dd4.glb","https://pub-0cc6e7109e7e48a183d54d0426453a6a.r2.dev/models/original-fc5b77d6-3737-43c5-b1db-e8be54b758b2-89908339832b2ba9.glb","R2 metadata and public HEAD verified; catalog readback matched"
"e474b847-db24-4b11-bab9-d4aed0628abb","Cylinder Pot","1.21.glb","a2a2a8a0d47c8bd9dfdcb1ac51ce211b57b5f6d45f0635e31c8483b4a77e3027","https://pub-0cc6e7109e7e48a183d54d0426453a6a.r2.dev/models/1790069740590_3ee897e1.glb","https://pub-0cc6e7109e7e48a183d54d0426453a6a.r2.dev/models/original-e474b847-db24-4b11-bab9-d4aed0628abb-a2a2a8a0d47c8bd9.glb","R2 metadata and public HEAD verified; catalog readback matched"
"14705771-7788-4c5b-b18d-42e1fdc3e059","Single Jarlet","1.12.glb","b60837b2efc1d8d7eb2cb72b28123a19a9bc50be77a334e742066687b318a410","https://pub-0cc6e7109e7e48a183d54d0426453a6a.r2.dev/models/1790069789446_4b932aee.glb","https://pub-0cc6e7109e7e48a183d54d0426453a6a.r2.dev/models/original-14705771-7788-4c5b-b18d-42e1fdc3e059-b60837b2efc1d8d7.glb","R2 metadata and public HEAD verified; catalog readback matched"
"dc648193-1eed-4507-a628-d5517c309ec4","Tall Garden Planter","3.8.glb","582d2969343a79f51f72fdc45a76697bc653a31bd427f6161169a73988564bd4","https://pub-0cc6e7109e7e48a183d54d0426453a6a.r2.dev/models/1790069872557_4c73aa83.glb","https://pub-0cc6e7109e7e48a183d54d0426453a6a.r2.dev/models/original-dc648193-1eed-4507-a628-d5517c309ec4-582d2969343a79f5.glb","R2 metadata and public HEAD verified; catalog readback matched"
"2b6b38ae-edaf-46d5-8aab-1025736c312c","Rounded Garden Planter","3.10.glb","72822adc7b169c130c6081d4076f8c5f602bf93391659ebe6985b29c548f8ccf","https://pub-0cc6e7109e7e48a183d54d0426453a6a.r2.dev/models/1790069948279_40e51446.glb","https://pub-0cc6e7109e7e48a183d54d0426453a6a.r2.dev/models/original-2b6b38ae-edaf-46d5-8aab-1025736c312c-72822adc7b169c13.glb","R2 metadata and public HEAD verified; catalog readback matched"
"c9827eb0-056e-43b1-a103-bbad47dc0121","Cylinder Terracotta Vase","3.13.glb","3e7878462c1be1558748a35e8b0ab4575bfa39a1ae12d9377536b82502d0d34d","https://pub-0cc6e7109e7e48a183d54d0426453a6a.r2.dev/models/1790070012751_894ef3b2.glb","https://pub-0cc6e7109e7e48a183d54d0426453a6a.r2.dev/models/original-c9827eb0-056e-43b1-a103-bbad47dc0121-3e7878462c1be155.glb","R2 metadata and public HEAD verified; catalog readback matched"
"b773c487-dff9-49bf-b2cb-e923507f06f9","Scalloped Rim Jar","3.4.glb","4b2a85253603a3c89011aa6e59440565a6eb59d217daba7f20edc212071e2fa5","https://pub-0cc6e7109e7e48a183d54d0426453a6a.r2.dev/models/1790070118892_4259e8a8.glb","https://pub-0cc6e7109e7e48a183d54d0426453a6a.r2.dev/models/original-b773c487-dff9-49bf-b2cb-e923507f06f9-4b2a85253603a3c8.glb","R2 metadata and public HEAD verified; catalog readback matched"
"a2a6b02a-da51-4197-b995-48ea7a817f6a","Plain U-Shape Planter","5.15.glb","a042053174d33b4af640debfebd2096fe8545b5e7ac194af96c2f5f76eb60341","https://pub-0cc6e7109e7e48a183d54d0426453a6a.r2.dev/models/1790070234152_d8c3abb5.glb","https://pub-0cc6e7109e7e48a183d54d0426453a6a.r2.dev/models/original-a2a6b02a-da51-4197-b995-48ea7a817f6a-a042053174d33b4a.glb","R2 metadata and public HEAD verified; catalog readback matched"
"edf1aea8-193c-47e7-9ecc-4e4d711897ea","Tall Cylinder Planter","5.17.glb","b541c761f7fd5db29607dddf20605f2cfa3b5ed47c8c598d0c980dcab3a6cabd","https://pub-0cc6e7109e7e48a183d54d0426453a6a.r2.dev/models/1790070282667_d876125a.glb","https://pub-0cc6e7109e7e48a183d54d0426453a6a.r2.dev/models/original-edf1aea8-193c-47e7-9ecc-4e4d711897ea-b541c761f7fd5db2.glb","R2 metadata and public HEAD verified; catalog readback matched"
"eeb89cd2-85bb-4f8e-9605-935d7c25a800","Pedestal Base Jar","5.9.glb","1d42669d00ce6aa379c0f734d5145da055dc0e9aa8720869746c64c6d61d37d2","https://pub-0cc6e7109e7e48a183d54d0426453a6a.r2.dev/models/1790070366265_96871907.glb","https://pub-0cc6e7109e7e48a183d54d0426453a6a.r2.dev/models/original-eeb89cd2-85bb-4f8e-9605-935d7c25a800-1d42669d00ce6aa3.glb","R2 metadata and public HEAD verified; catalog readback matched"
"0f3b97cf-6649-41f4-8037-8e59f548d8cf","Large Tapered Square Planter","5.1.glb","181d24ddb5498bb13f0f9c9b9d23bb59808631793365a1d1781618a18479df4a","https://pub-0cc6e7109e7e48a183d54d0426453a6a.r2.dev/models/1790070413719_be1da603.glb","https://pub-0cc6e7109e7e48a183d54d0426453a6a.r2.dev/models/original-0f3b97cf-6649-41f4-8037-8e59f548d8cf-181d24ddb5498bb1.glb","R2 metadata and public HEAD verified; catalog readback matched"
"baa6980b-ff7c-433e-bec2-0d16cbe5fe07","Banded Terracotta Vase","2.4.glb","7fa213b9931bc9993619c04106af3e42107f69b7fb11112db3abaeab7f987198","https://pub-0cc6e7109e7e48a183d54d0426453a6a.r2.dev/models/1790081254494_cbe50613.glb","https://pub-0cc6e7109e7e48a183d54d0426453a6a.r2.dev/models/original-baa6980b-ff7c-433e-bec2-0d16cbe5fe07-7fa213b9931bc999.glb","R2 metadata and public HEAD verified; catalog readback matched"
"c89a2dc2-736b-4a0c-9bae-01a39c2eafe4","Terracotta Cylinder Planter","2.14.glb","870fe1d089de0b8e340d7fbab7e527cb24b5f58bfc0424a094ccdf42969980f8","https://pub-0cc6e7109e7e48a183d54d0426453a6a.r2.dev/models/1790070597983_00a51a74.glb","https://pub-0cc6e7109e7e48a183d54d0426453a6a.r2.dev/models/original-c89a2dc2-736b-4a0c-9bae-01a39c2eafe4-870fe1d089de0b8e.glb","R2 metadata and public HEAD verified; catalog readback matched"
"fb04add4-9a0a-4fec-8f86-7766cb28d758","Mini Terracotta Bowl","2.16.glb","b5c6cfe75d9b1f5daf6e16054fd4e2752129f451c82899554309fa2b913476af","https://pub-0cc6e7109e7e48a183d54d0426453a6a.r2.dev/models/1790070649335_ac59521d.glb","https://pub-0cc6e7109e7e48a183d54d0426453a6a.r2.dev/models/original-fb04add4-9a0a-4fec-8f86-7766cb28d758-b5c6cfe75d9b1f5d.glb","R2 metadata and public HEAD verified; catalog readback matched"
"ac003cd7-178d-423c-8672-3a4ca742b23d","Bottle Teracotta Vase","2.2.glb","3454d52c002b601363e4c5d9468421fdb6c93bcaf99773589b9dc1e7f5d137ce","https://pub-0cc6e7109e7e48a183d54d0426453a6a.r2.dev/models/1790081168618_688c98ca.glb","https://pub-0cc6e7109e7e48a183d54d0426453a6a.r2.dev/models/original-ac003cd7-178d-423c-8672-3a4ca742b23d-3454d52c002b6013.glb","R2 metadata and public HEAD verified; catalog readback matched"
